﻿<?xml version="1.0" encoding="UTF-8" standalone="yes"?>
<addon id="repository.proteusplum.addons" name="Proteusplum XBMC Addons" version="0.0.1" 
provider-name="Proteusplum">
	<extension point="xbmc.addon.repository" name="Proteusplum XBMC Addon Repository">
		<info 
compressed="false">http://github.com/proteusplum/proteusplum-xbmc-addons/raw/master/addons.xml</info>
		
<checksum>http://github.com/proteusplum/proteusplum-xbmc-addons/raw/master/addons.xml.md5</checksum>
		<datadir zip="false">http://github.com/proteusplum/proteusplum-xbmc-addons/raw/master/</datadir>
	</extension>
	<extension point="xbmc.addon.metadata">
		<summary>Install Proteusplum Addons</summary>
		<description>Download and install Proteusplum addons</description>
		<disclaimer></disclaimer>
		<platform>all</platform>
	</extension>
</addon>

